-- *************************************************************************************
-- ******************************** INSERCIÓN DE DATOS *********************************
-- *************************************************************************************

INSERT INTO impuesto (nombre, tasa) VALUES ('IVA', 0.21);

INSERT INTO mesa () VALUES 
(),
(),
(),
(),
();

INSERT INTO domicilio (calle, altura) VALUES
('Av. Corrientes', 1234),
('Florida', 567),
('Av. Santa Fe', 890),
('Lavalle', 321),
('Av. Rivadavia', 4567),
('Suipacha', 678),
('Av. Belgrano', 910);

INSERT INTO producto (descripcion, precio, stock) VALUES
('Hamburguesa Clásica', 11000, 20),
('Pizza Mozzarella', 17000, 15),
('Ensalada César', 6000, 20),
('Empanada de Carne', 1300, 50),
('Milanesa con Guarnición', 20000, 10),
('Bife de Chorizo con Guarnición', 21000, 8),
('Porción de Tarta de Verduras', 3000, 8),
('Presa de Pollo al Horno', 9000, 10),
('Ravioles con Salsa', 13000, 14),
('Lomito Completo', 12000, 9),
('Sándwich de Jamón y Queso', 7500, 25),
('Choripán', 8500, 30),
('Canelones de Espinaca', 12000, 11),
('Coca-Cola 500ml', 1100, 40),
('Agua Mineral', 1000, 50),
('Jugo de Naranja', 1100, 35),
('Omelette Completo', 11500, 17),
('Tabla de Fiambres', 15000, 5),
('Vino tinto', 6000, 20),
('Filet de merluza con guarnición', 9500, 15)
;



INSERT INTO pedido(entregado) VALUES
(TRUE),
(TRUE),
(TRUE),
(TRUE),
(TRUE),
(TRUE),
(TRUE),
(TRUE),
(TRUE),
(TRUE),
(TRUE),
(TRUE),
(TRUE),
(TRUE),
(TRUE),
(TRUE),
(TRUE),
(TRUE),
(TRUE),
(TRUE),
(TRUE),
(TRUE),
(TRUE),
(TRUE),
(TRUE),
(TRUE),
(TRUE),
(TRUE),
(TRUE),
(TRUE),
(TRUE),
(TRUE),
(TRUE),
(TRUE),
(TRUE),
(TRUE),
(TRUE),
(TRUE),
(TRUE),
(TRUE),
(TRUE),
(TRUE),
(TRUE),
(TRUE),
(TRUE),
(TRUE),
(TRUE),
(TRUE),
(TRUE),
(TRUE)
;


INSERT INTO pedido_domicilio (id_pedido, id_domicilio) VALUES
(1, 1),
(2, 2),
(3, 3),
(4, 4),
(5, 5),
(6, 6),
(7, 7),
(8, 1),
(9, 2),
(10, 3),
(11, 4),
(12, 5),
(13, 6),
(14, 7),
(15, 1)
;


INSERT INTO pedido_mesa (id_pedido, id_mesa) VALUES
(16, 1),
(17, 2),
(18, 3),
(19, 4),
(20, 5),
(21, 1),
(22, 2),
(23, 3),
(24, 4),
(25, 5),
(26, 1),
(27, 2),
(28, 3),
(29, 4),
(30, 5),
(31, 1),
(32, 2),
(33, 3),
(34, 4),
(35, 5),
(36, 1),
(37, 2),
(38, 3),
(39, 4),
(40, 5),
(41, 1),
(42, 2),
(43, 3),
(44, 4),
(45, 5),
(46, 1),
(47, 2),
(48, 3),
(49, 4),
(50, 5)
;


INSERT INTO detalle_pedido (id_pedido, id_producto, cantidad) VALUES
(1, 1, 1), (1, 14, 2), 
(2, 3, 1), (2, 16, 1), (2, 4, 2),
(3, 2, 1), (3, 11, 1),
(4, 5, 1), (4, 13, 1), (4, 14, 1), (4, 15, 2),
(5, 6, 1), (5, 10, 1),
(6, 8, 1), (6, 17, 1), (6, 3, 1),
(7, 9, 1), (7, 14, 2),
(8, 12, 1), (8, 1, 1), (8, 4, 1),
(9, 2, 1), (9, 16, 1),
(10, 5, 1), (10, 18, 1), (10, 14, 1),
(11, 7, 1), (11, 13, 1), (11, 15, 1), (11, 3, 1),
(12, 10, 1), (12, 1, 1),
(13, 6, 1), (13, 14, 2),
(14, 8, 1), (14, 16, 1), (14, 2, 1), (14, 11, 1),
(15, 9, 1), (15, 17, 1),
(16, 12, 1), (16, 5, 1), (16, 14, 1),
(17, 1, 1), (17, 10, 1),
(18, 3, 1), (18, 16, 1), (18, 4, 1),
(19, 2, 1), (19, 14, 2), (19, 7, 1),
(20, 6, 1), (20, 15, 1),
(21, 8, 1), (21, 11, 1), (21, 14, 1),
(22, 9, 1), (22, 12, 1), (22, 16, 1), (22, 3, 1),
(23, 1, 1), (23, 4, 1),
(24, 5, 1), (24, 14, 2),
(25, 6, 1), (25, 10, 1), (25, 15, 1),
(26, 7, 1), (26, 2, 1),
(27, 8, 1), (27, 11, 1), (27, 14, 1), (27, 16, 1),
(28, 9, 1), (28, 13, 1),
(29, 1, 1), (29, 12, 1), (29, 4, 1),
(30, 5, 1), (30, 14, 2), (30, 3, 1),
(31, 6, 1), (31, 15, 1),
(32, 7, 1), (32, 10, 1), (32, 2, 1),
(33, 8, 1), (33, 14, 1),
(34, 9, 1), (34, 11, 1), (34, 16, 1), (34, 3, 1),
(35, 1, 1), (35, 5, 1),
(36, 2, 1), (36, 13, 1), (36, 14, 1),
(37, 6, 1), (37, 10, 1),
(38, 7, 1), (38, 16, 1), (38, 4, 1),
(39, 8, 1), (39, 11, 1),
(40, 9, 1), (40, 14, 2), (40, 3, 1),
(41, 1, 1), (41, 12, 1),
(42, 5, 1), (42, 15, 1), (42, 2, 1),
(43, 6, 1), (43, 14, 1),
(44, 7, 1), (44, 10, 1), (44, 16, 1),
(45, 8, 1), (45, 3, 1),
(46, 9, 1), (46, 11, 1), (46, 14, 1),
(47, 1, 1), (47, 4, 1),
(48, 5, 1), (48, 15, 1), (48, 14, 1),
(49, 6, 1), (49, 10, 1), (49, 2, 1), (49, 13, 1),
(50, 7, 1), (50, 16, 1), (50, 9, 1)
;


INSERT INTO ticket (id_pedido, precio_final, fecha) VALUES
(1, 13200, '2025-11-05'),
(2, 41000, '2025-10-19'),
(3, 18500, '2025-11-12'),
(4, 61500, '2025-10-03'),
(5, 32000, '2025-11-01'),
(6, 33400, '2025-10-28'),
(7, 32000, '2025-11-16'),
(8, 18500, '2025-10-14'),
(9, 17000, '2025-11-07'),
(10, 35500, '2025-10-25'),
(11, 45500, '2025-11-03'),
(12, 19500, '2025-10-09'),
(13, 35000, '2025-11-18'),
(14, 34500, '2025-10-31'),
(15, 25500, '2025-11-10'),
(16, 34500, '2025-10-22'),
(17, 23000, '2025-11-13'),
(18, 31500, '2025-10-08'),
(19, 29500, '2025-11-02'),
(20, 32000, '2025-10-16'),
(21, 34500, '2025-11-08'),
(22, 35500, '2025-10-04'),
(23, 17000, '2025-11-17'),
(24, 32000, '2025-10-06'),
(25, 35000, '2025-11-14'),
(26, 19500, '2025-10-12'),
(27, 40000, '2025-11-06'),
(28, 19500, '2025-10-18'),
(29, 22500, '2025-11-11'),
(30, 32000, '2025-10-01'),
(31, 32000, '2025-11-04'),
(32, 23000, '2025-10-27'),
(33, 23000, '2025-11-19'),
(34, 40000, '2025-10-21'),
(35, 18500, '2025-11-09'),
(36, 24000, '2025-10-02'),
(37, 32000, '2025-11-15'),
(38, 31500, '2025-10-20'),
(39, 19500, '2025-11-01'),
(40, 35500, '2025-10-26'),
(41, 18500, '2025-11-12'),
(42, 33500, '2025-10-07'),
(43, 23000, '2025-11-05'),
(44, 34500, '2025-10-23'),
(45, 19500, '2025-11-03'),
(46, 35500, '2025-10-17'),
(47, 17000, '2025-11-06'),
(48, 34500, '2025-10-11'),
(49, 35500, '2025-11-07'),
(50, 28000, '2025-10-15')
;



INSERT INTO desglose_ticket (id_ticket, id_pedido, id_producto, cantidad) VALUES
(1, 1, 1, 1), (1, 1, 14, 2),
(2, 2, 3, 1), (2, 2, 16, 1), (2, 2, 4, 2),
(3, 3, 2, 1), (3, 3, 11, 1),
(4, 4, 5, 1), (4, 4, 13, 1), (4, 4, 14, 1), (4, 4, 15, 2),
(5, 5, 6, 1), (5, 5, 10, 1),
(6, 6, 8, 1), (6, 6, 17, 1), (6, 6, 3, 1),
(7, 7, 9, 1), (7, 7, 14, 2),
(8, 8, 12, 1), (8, 8, 1, 1), (8, 8, 4, 1),
(9, 9, 2, 1), (9, 9, 16, 1),
(10, 10, 5, 1), (10, 10, 18, 1), (10, 10, 14, 1),
(11, 11, 7, 1), (11, 11, 13, 1), (11, 11, 15, 1), (11, 11, 3, 1),
(12, 12, 10, 1), (12, 12, 1, 1),
(13, 13, 6, 1), (13, 13, 14, 2),
(14, 14, 8, 1), (14, 14, 16, 1), (14, 14, 2, 1), (14, 14, 11, 1),
(15, 15, 9, 1), (15, 15, 17, 1),
(16, 16, 12, 1), (16, 16, 5, 1), (16, 16, 14, 1),
(17, 17, 1, 1), (17, 17, 10, 1),
(18, 18, 3, 1), (18, 18, 16, 1), (18, 18, 4, 1),
(19, 19, 2, 1), (19, 19, 14, 2), (19, 19, 7, 1),
(20, 20, 6, 1), (20, 20, 15, 1),
(21, 21, 8, 1), (21, 21, 11, 1), (21, 21, 14, 1),
(22, 22, 9, 1), (22, 22, 12, 1), (22, 22, 16, 1), (22, 22, 3, 1),
(23, 23, 1, 1), (23, 23, 4, 1),
(24, 24, 5, 1), (24, 24, 14, 2),
(25, 25, 6, 1), (25, 25, 10, 1), (25, 25, 15, 1),
(26, 26, 7, 1), (26, 26, 2, 1),
(27, 27, 8, 1), (27, 27, 11, 1), (27, 27, 14, 1), (27, 27, 16, 1),
(28, 28, 9, 1), (28, 28, 13, 1),
(29, 29, 1, 1), (29, 29, 12, 1), (29, 29, 4, 1),
(30, 30, 5, 1), (30, 30, 14, 2), (30, 30, 3, 1),
(31, 31, 6, 1), (31, 31, 15, 1),
(32, 32, 7, 1), (32, 32, 10, 1), (32, 32, 2, 1),
(33, 33, 8, 1), (33, 33, 14, 1),
(34, 34, 9, 1), (34, 34, 11, 1), (34, 34, 16, 1), (34, 34, 3, 1),
(35, 35, 1, 1), (35, 35, 5, 1),
(36, 36, 2, 1), (36, 36, 13, 1), (36, 36, 14, 1),
(37, 37, 6, 1), (37, 37, 10, 1),
(38, 38, 7, 1), (38, 38, 16, 1), (38, 38, 4, 1),
(39, 39, 8, 1), (39, 39, 11, 1),
(40, 40, 9, 1), (40, 40, 14, 2), (40, 40, 3, 1),
(41, 41, 1, 1), (41, 41, 12, 1),
(42, 42, 5, 1), (42, 42, 15, 1), (42, 42, 2, 1),
(43, 43, 6, 1), (43, 43, 14, 1),
(44, 44, 7, 1), (44, 44, 10, 1), (44, 44, 16, 1),
(45, 45, 8, 1), (45, 45, 3, 1),
(46, 46, 9, 1), (46, 46, 11, 1), (46, 46, 14, 1),
(47, 47, 1, 1), (47, 47, 4, 1),
(48, 48, 5, 1), (48, 48, 15, 1), (48, 48, 14, 1),
(49, 49, 6, 1), (49, 49, 10, 1), (49, 49, 2, 1), (49, 49, 13, 1),
(50, 50, 7, 1), (50, 50, 16, 1), (50, 50, 9, 1);


INSERT INTO impuesto_ticket (id_ticket, id_impuesto) VALUES
(1, 1),
(2, 1),
(3, 1),
(4, 1),
(5, 1),
(6, 1),
(7, 1),
(8, 1),
(9, 1),
(10, 1),
(11, 1),
(12, 1),
(13, 1),
(14, 1),
(15, 1),
(16, 1),
(17, 1),
(18, 1),
(19, 1),
(20, 1),
(21, 1),
(22, 1),
(23, 1),
(24, 1),
(25, 1),
(26, 1),
(27, 1),
(28, 1),
(29, 1),
(30, 1),
(31, 1),
(32, 1),
(33, 1),
(34, 1),
(35, 1),
(36, 1),
(37, 1),
(38, 1),
(39, 1),
(40, 1),
(41, 1),
(42, 1),
(43, 1),
(44, 1),
(45, 1),
(46, 1),
(47, 1),
(48, 1),
(49, 1),
(50, 1);
